,row,City,Latitude,Temperature (degrees F),Humidity,Clouds (%),Winds Speed
0,0,solnechnyy,50.72,51.64,94,100,7.49
1,1,punta arenas,-53.15,37.2,78,57,11.41
2,2,hilo,19.73,76.86,65,90,9.17
3,3,korla,41.76,88.05,17,0,9.75
4,4,lebu,-37.62,51.33,90,36,5.32
5,5,gat,31.61,72.97,92,2,7.0
6,6,albany,42.6,67.46,85,57,8.79
7,7,bredasdorp,-34.53,41.0,93,88,4.7
8,8,ribeira grande,38.52,73.27,92,54,11.36
9,9,hithadhoo,-0.6,81.46,79,100,16.28
10,10,yellowknife,62.46,59.76,93,90,9.17
11,11,la ronge,55.1,77.0,41,20,8.05
12,12,mataura,-46.19,51.01,80,56,4.0
13,13,fortuna,40.6,60.87,89,97,3.0
14,15,chuy,-33.7,57.61,79,16,7.63
15,16,jamestown,42.1,65.7,93,90,6.93
16,17,bengkulu,-3.8,77.2,80,100,11.07
17,18,mar del plata,-38.0,54.99,100,100,10.04
18,19,tasiilaq,65.61,39.2,100,0,3.36
19,20,avarua,-21.21,73.4,94,100,11.41
20,21,cidreira,-30.18,60.19,91,0,13.35
21,22,rikitea,-23.12,73.17,90,100,12.21
22,23,cockburn town,21.46,83.12,85,14,19.19
23,24,port alfred,-33.59,55.06,75,100,7.07
24,25,hobart,-42.88,46.42,65,75,21.92
25,26,new norfolk,-42.78,43.83,76,100,5.01
26,27,barrow,71.29,42.8,87,90,4.7
27,28,saint-francois,46.42,51.44,81,0,0.13
28,29,tezu,27.92,88.18,63,100,2.55
29,30,upernavik,72.79,38.62,74,18,9.4
30,31,el naranjo,21.47,79.68,76,32,7.07
31,32,port dickson,2.52,82.2,83,20,4.7
32,33,cuamba,-14.8,62.74,70,0,1.28
33,35,pevek,69.7,32.49,97,100,11.3
34,36,ancud,-41.87,40.98,100,75,8.05
35,38,huarmey,-10.07,59.13,85,0,7.83
36,40,scarborough,54.28,62.01,86,94,8.01
37,41,ryotsu,38.08,86.0,66,100,4.7
38,42,butaritari,3.07,83.77,76,67,12.86
39,43,marrakesh,31.63,73.4,64,0,6.93
40,44,salalah,17.02,80.6,83,75,8.05
41,45,esperance,-33.87,55.4,100,90,21.92
42,47,cap malheureux,-19.98,64.0,79,76,5.01
43,49,puerto carreno,6.19,78.04,82,99,3.91
44,50,ouango,4.31,69.98,94,100,1.61
45,51,bluff,-46.6,51.01,80,91,4.0
46,53,thompson,55.74,77.0,47,20,8.05
47,54,vestmannaeyjar,63.44,51.75,90,100,19.73
48,55,kaitangata,-46.28,53.01,54,68,5.23
49,56,tiksi,71.69,59.47,51,0,3.18
50,57,yorkton,51.22,66.2,88,75,6.93
51,58,padang,-0.95,82.22,64,100,2.26
52,59,arraial do cabo,-22.97,68.0,68,0,5.82
53,60,flinders,-34.58,57.99,47,0,7.0
54,61,montclair,40.83,75.27,83,20,9.55
55,62,kruisfontein,-34.0,51.01,78,100,2.44
56,63,saint george,37.1,99.05,8,1,16.11
57,64,hofn,64.25,51.1,88,100,17.54
58,65,moranbah,-22.0,76.12,33,0,4.38
59,66,kampot,10.62,78.8,88,40,13.87
60,67,icod de los vinos,28.37,69.51,87,38,1.01
61,68,iralaya,15.0,81.52,86,100,10.33
62,69,labuhan,-6.88,82.71,65,1,7.11
63,71,victoria,22.29,83.34,83,100,11.01
64,72,nanortalik,60.14,43.45,86,2,5.7
65,73,vaini,-21.2,75.2,69,20,6.93
66,74,nikolskoye,59.7,62.76,88,75,8.95
67,75,san cristobal,7.77,66.6,92,75,4.59
68,76,cape town,-33.93,48.83,61,0,14.99
69,77,bonavista,48.65,54.0,75,100,5.99
70,78,port-gentil,-0.72,75.74,75,100,8.14
71,79,dingle,11.0,84.49,78,95,6.11
72,80,cabo san lucas,22.89,86.72,48,20,16.11
73,81,necochea,-38.55,59.0,93,100,5.01
74,82,kutum,14.2,70.45,81,52,14.27
75,83,kotri,25.37,85.75,70,55,12.21
76,84,hay river,60.82,60.8,77,90,19.46
77,85,ilulissat,69.22,41.0,86,57,3.36
78,86,castro,-24.79,51.17,91,0,4.25
79,87,ushuaia,-54.8,51.8,34,20,4.7
80,89,saldanha,-33.01,50.56,65,0,17.16
81,90,boa vista,2.82,78.8,83,75,4.7
82,91,geraldton,-28.77,57.2,82,3,14.99
83,92,mount isa,-20.73,82.4,15,0,10.29
84,93,yumen,40.28,78.35,28,83,11.32
85,94,qaanaaq,77.48,30.52,89,48,1.32
86,95,dalvik,65.97,50.0,93,40,1.12
87,96,bathsheba,13.22,82.4,74,40,12.75
88,97,atuona,-9.8,79.2,74,33,20.02
89,98,kodiak,57.79,58.41,73,41,5.93
90,99,saint-philippe,-21.36,58.35,59,20,6.93
91,100,laguna,38.42,84.43,35,1,11.41
92,101,saskylakh,71.92,77.29,40,98,11.43
93,102,boddam,57.47,59.79,82,90,9.17
94,103,kavaratti,10.57,83.12,79,100,27.45
95,104,lethem,3.38,76.17,87,98,2.57
96,105,alibag,18.64,80.6,100,90,11.41
97,106,ivanteyevka,55.97,58.66,77,61,2.24
98,107,rawson,-43.3,47.82,57,0,14.65
99,108,wanning,18.8,85.96,72,67,7.09
100,109,iqaluit,63.75,50.0,100,75,0.38
101,110,panalingaan,8.78,83.52,76,78,4.76
102,111,abnub,27.27,82.4,51,0,11.41
103,112,qaqortoq,60.72,44.6,75,0,3.36
104,113,port lincoln,-34.73,51.24,64,63,20.85
105,114,hermanus,-34.42,37.0,95,2,8.63
106,116,mukhen,48.1,62.76,96,100,4.14
107,117,kargasok,59.06,68.7,62,14,4.32
108,118,tual,-5.67,77.63,85,76,16.37
109,119,sawakin,19.11,87.17,61,20,10.45
110,120,busselton,-33.65,59.11,66,1,14.07
111,121,ulaanbaatar,47.91,66.2,63,40,2.24
112,122,cordele,31.96,78.8,74,1,3.8
113,123,los llanos de aridane,28.66,73.4,78,20,16.11
114,124,port hardy,50.7,66.2,68,40,6.93
115,125,dikson,73.51,46.99,85,4,19.98
116,126,carnarvon,-24.87,64.4,72,1,12.75
117,128,lexington park,38.27,79.18,78,20,6.93
118,129,provideniya,64.38,53.6,66,40,17.9
119,130,marsh harbour,26.54,82.96,81,62,11.07
120,131,phon,15.82,76.96,89,100,14.74
121,132,batemans bay,-35.72,49.95,58,1,5.99
122,133,ibra,22.69,92.88,36,100,3.02
123,134,singaraja,-8.11,82.04,62,96,2.62
124,135,narsaq,60.92,44.6,75,0,3.36
125,136,camacha,33.08,71.6,78,40,11.41
126,138,bambous virieux,-20.34,66.09,56,75,12.75
127,139,mount gambier,-37.83,50.0,71,40,6.93
128,140,alice springs,-23.7,75.88,22,74,10.29
129,141,mandalgovi,45.76,74.08,39,0,10.54
130,142,kisangani,0.52,71.29,96,99,1.39
131,143,khandyga,62.67,78.06,29,0,2.86
132,144,tuatapere,-46.13,51.01,80,62,4.0
133,145,kapaa,22.08,81.61,69,75,13.87
134,146,taksimo,56.34,62.58,80,100,2.59
135,147,rio grande,-32.03,55.99,93,0,11.16
136,148,saint-pierre,-21.34,57.79,59,20,6.93
137,149,mayor pablo lagerenza,-19.93,73.71,39,0,5.91
138,150,yoichi,43.2,83.07,65,75,4.7
139,151,puerto ayora,-0.74,66.99,94,73,7.0
140,152,axim,4.87,71.42,83,42,7.05
141,153,esqueda,30.72,77.85,48,42,5.14
142,154,kinsale,51.71,62.01,98,100,7.0
143,155,torbeyevo,54.08,55.29,90,0,7.09
144,156,longyearbyen,78.22,46.4,93,40,6.93
145,157,kudahuvadhoo,2.67,83.17,75,100,10.94
146,158,pucara,-15.98,40.28,57,0,0.67
147,159,grand-lahou,5.14,70.97,86,15,6.4
148,160,havre-saint-pierre,50.23,59.0,93,1,6.76
149,161,aykhal,66.0,71.6,37,0,2.24
150,162,charters towers,-20.1,75.69,48,33,9.17
151,163,ostersund,63.18,48.2,93,60,6.93
152,164,hamilton,39.18,67.57,82,20,6.73
153,165,soyo,-6.13,71.19,89,3,5.59
154,166,olafsvik,64.89,48.76,91,100,14.94
155,167,georgetown,5.41,84.09,74,20,10.29
156,168,encruzilhada do sul,-30.54,56.68,77,0,3.06
157,169,uyemskiy,64.47,60.8,100,90,4.47
158,170,villamontes,-21.25,72.16,40,0,4.38
159,171,acapulco,16.86,84.2,66,90,8.05
160,173,tuktoyaktuk,69.45,50.0,87,75,9.17
161,174,nome,64.5,55.62,66,1,11.41
162,175,jalu,29.03,78.84,36,0,8.66
163,176,williston,48.15,76.28,58,9,3.0
164,177,whyalla,-33.03,51.8,57,33,9.17
165,178,baoning,25.34,82.4,83,75,4.47
166,179,richards bay,-28.78,65.68,78,90,12.82
167,180,narasannapeta,18.42,77.04,93,100,7.02
168,181,spirit river,55.78,72.36,38,20,17.22
169,182,san patricio,19.22,82.4,74,75,11.41
170,183,soimi,46.68,68.0,82,100,8.05
171,184,pisco,-13.7,61.92,77,75,2.24
172,185,ponta do sol,32.67,67.3,75,5,3.78
173,186,leningradskiy,69.38,37.27,83,99,16.04
174,187,ambilobe,-13.2,61.03,84,0,3.29
175,188,havre,49.58,58.21,63,0,5.82
176,190,marsa matruh,31.35,75.2,83,0,5.82
177,191,doha,25.29,93.54,41,19,6.93
178,192,beringovskiy,63.05,54.75,70,58,8.43
179,193,ust-kuyga,70.02,66.02,39,0,7.65
180,194,vardo,70.37,51.69,89,50,12.59
181,196,aklavik,68.22,55.4,82,90,9.17
182,197,verkhnyaya inta,65.98,58.78,70,15,12.19
183,198,kieta,-6.22,86.61,64,82,7.52
184,199,albac,46.45,62.6,88,98,1.12
185,200,carinhanha,-14.3,65.62,60,2,8.43
186,201,college,64.86,62.44,82,75,5.82
187,202,vengerovo,55.68,66.88,69,0,9.91
188,203,margate,51.38,62.33,58,47,5.01
189,204,east london,-33.02,57.92,72,99,9.93
190,205,kogon,39.72,77.0,53,0,11.41
191,206,karasjok,69.47,53.6,87,57,11.41
192,207,opuwo,-18.06,47.55,62,0,1.52
193,209,bridlington,54.08,62.19,88,97,10.29
194,210,sao jose da coroa grande,-8.9,73.78,81,0,13.65
195,211,muisne,0.6,72.99,87,100,9.69
196,212,kloulklubed,7.04,78.8,88,90,6.93
197,213,sernovodsk,43.31,58.95,77,1,6.71
198,214,avera,33.19,76.06,94,1,3.36
199,215,altamont,42.21,86.36,17,1,16.6
200,216,urucara,-2.54,80.26,63,47,2.44
201,217,anadyr,64.75,60.35,51,40,8.95
202,218,alta floresta,-9.88,74.7,46,0,4.27
203,219,samur,41.83,70.63,55,1,4.54
204,220,karratha,-20.74,69.91,41,96,12.73
205,221,vanimo,-2.67,83.7,76,92,8.39
206,222,praia da vitoria,38.73,75.2,83,40,13.98
207,223,vilhena,-12.74,71.4,43,0,1.83
208,224,byron bay,-28.65,73.47,38,0,9.17
209,225,bethel,41.37,71.55,78,1,3.36
210,226,mogadishu,2.04,76.48,84,99,18.32
211,227,benghazi,32.12,80.91,47,0,7.14
212,228,honiara,-9.43,91.4,63,20,9.17
213,229,mahebourg,-20.41,68.0,56,75,12.75
214,231,pangody,65.85,62.51,64,100,7.58
215,232,biltine,14.53,78.08,72,21,6.69
216,233,orlik,52.52,60.01,69,55,2.3
217,235,karlstad,59.38,51.96,100,95,9.17
218,236,bonfim,3.08,76.12,87,99,3.85
219,237,matagami,49.75,62.6,88,90,3.36
220,238,batagay-alyta,67.8,67.8,41,64,2.77
221,239,san policarpo,12.18,80.62,83,100,1.32
222,240,portel,-1.94,75.29,87,1,3.58
223,241,ponta delgada,37.73,71.6,88,40,8.05
224,242,taoudenni,22.68,101.17,9,3,6.26
225,243,dali,25.7,73.2,71,16,1.9
226,244,anloga,5.79,73.4,88,20,9.17
227,245,kalinovskaya,43.58,62.6,77,0,6.71
228,246,akureyri,65.68,50.0,93,40,1.12
229,247,palmer,42.16,72.45,73,90,16.11
230,248,pangnirtung,66.15,50.04,84,100,4.16
231,249,ostrovnoy,68.05,56.16,86,92,15.1
232,250,balingasay,16.36,85.24,72,100,11.45
233,251,paragominas,-2.97,74.8,68,12,2.91
234,252,te anau,-45.42,52.9,78,29,0.92
235,253,stargard szczecinski,53.34,49.59,87,89,3.36
236,254,porosozero,62.72,57.54,98,100,5.44
237,255,amot,59.57,51.01,91,100,1.01
238,256,airai,-8.93,73.02,43,26,2.42
239,257,kirakira,-10.45,84.56,72,57,10.18
240,258,watsa,3.04,60.85,99,100,1.95
241,259,chokurdakh,70.63,54.39,64,86,3.29
242,260,abha,18.22,62.47,87,20,3.56
243,261,dalbandin,28.89,84.81,13,0,4.99
244,262,ulladulla,-35.35,51.58,40,20,14.99
245,263,sorland,67.67,55.8,83,87,16.13
246,264,srednekolymsk,67.45,63.54,44,74,11.65
247,265,alenquer,-1.94,76.44,82,4,2.93
248,266,road town,18.42,82.67,81,82,15.01
249,267,klaksvik,62.23,51.8,100,100,11.41
250,268,ngunguru,-35.62,62.01,3,95,5.99
251,269,nuevo imperial,-13.08,59.09,81,6,2.04
252,270,rio gallegos,-51.62,35.6,80,99,2.24
253,273,olga,43.74,69.21,82,100,5.32
254,274,cowra,-33.83,44.92,69,6,7.0
255,275,saint anthony,45.02,69.31,46,1,8.05
256,277,monywa,22.12,81.03,82,96,14.99
257,278,estrella,15.75,87.76,63,100,9.13
258,279,tshela,-4.98,64.33,94,9,0.47
259,281,nogliki,51.83,52.48,89,100,10.22
260,282,ascona,46.15,59.34,58,0,6.93
261,283,cao bang,22.67,81.64,82,71,1.52
262,284,kuytun,54.34,65.1,66,93,2.68
263,285,bogorodskoye,56.55,56.07,91,95,6.35
264,286,fairbanks,64.84,63.21,68,20,5.82
265,287,acarau,-2.89,77.79,78,81,16.53
266,288,sabang,5.89,83.62,67,100,9.44
267,289,kamaishi,39.27,87.8,58,75,5.82
268,290,kahului,20.89,80.47,48,40,24.16
269,291,eyl,7.98,80.89,65,16,23.55
270,292,sao gabriel da cachoeira,-0.13,73.89,89,34,2.33
271,293,sicamous,50.83,82.99,41,0,1.86
272,294,smithers,54.78,59.0,77,90,3.53
273,295,dagana,16.52,81.32,70,82,14.99
274,298,urengoy,65.97,60.08,81,100,1.9
275,299,cherskiy,68.75,42.53,75,100,12.08
276,300,adiake,5.29,70.05,87,0,5.84
277,301,okhotsk,59.38,62.4,68,94,9.42
278,302,rognan,67.1,53.53,81,75,6.93
279,303,general roca,-39.03,50.0,61,0,4.7
280,304,baruun-urt,46.68,70.81,52,0,4.07
281,305,dokka,60.84,45.54,92,100,3.0
282,306,abomsa,9.98,66.09,77,100,2.64
283,307,mayo,38.89,74.97,83,75,4.7
284,308,lavrentiya,65.58,47.95,76,81,9.22
285,309,mao,39.89,73.4,73,20,6.93
286,310,zapolyarnyy,69.42,53.6,81,100,9.17
287,311,catanduva,-21.14,60.55,41,0,8.08
288,312,husavik,66.04,50.0,93,100,2.24
289,314,sao filipe,14.9,76.23,80,69,6.71
290,315,camana,-16.62,57.87,79,12,7.45
291,316,linhai,28.85,82.63,88,100,4.0
292,317,laerdalsoyri,61.1,43.38,83,100,6.53
293,318,luanda,-8.84,69.8,94,75,4.7
294,319,clyde river,70.47,41.0,100,90,6.93
295,321,alekseyevskaya,50.29,61.0,72,0,1.99
296,322,aitape,-3.14,83.17,80,64,7.43
297,323,ankang,32.68,87.06,68,100,1.99
298,324,ulaangom,49.98,67.59,51,100,3.2
299,325,sarangani,5.4,80.96,80,100,7.29
300,326,martapura,-3.42,86.56,69,69,3.33
301,327,hami,42.8,93.38,18,3,10.87
302,328,tshikapa,-6.42,69.31,38,27,1.83
303,329,radom,51.4,61.02,87,98,1.01
304,330,norman wells,65.28,60.8,93,90,11.41
305,331,namatanai,-3.67,83.34,76,86,10.07
306,332,guadalupe,25.68,84.47,54,5,5.82
307,333,gizo,-8.1,84.63,74,17,9.64
308,334,metro,-5.11,81.1,78,98,3.78
309,335,kyra,49.58,61.25,71,100,3.56
310,336,outjo,-20.12,45.99,60,0,0.81
311,337,erenhot,43.65,78.75,40,17,14.23
312,338,lufilufi,-13.87,89.6,75,40,12.75
313,339,rocha,-34.48,58.89,86,56,7.4
314,340,makakilo city,21.35,84.83,45,20,9.17
315,341,antalaha,-14.9,67.14,85,96,7.58
316,342,troitskoye,52.98,66.13,64,0,11.12
317,344,pamekasan,-7.16,83.57,65,21,7.07
318,345,blythe,33.61,107.33,6,75,19.46
319,346,iquique,-20.22,62.6,63,90,10.29
320,347,trabzon,40.92,75.2,69,40,3.36
321,348,aksha,50.28,69.75,60,95,1.52
322,349,lancaster,40.25,72.95,69,1,9.17
323,350,coihaique,-45.58,35.6,85,84,6.93
324,351,riachao das neves,-11.75,67.75,59,100,4.7
325,352,yokadouma,3.52,66.51,95,3,2.01
326,353,santa cruz de la palma,28.68,73.4,78,20,16.11
327,354,balvi,57.13,60.01,97,100,4.97
328,355,codrington,-38.27,49.24,64,85,13.94
329,356,souillac,-20.52,68.0,56,75,12.75
330,357,salinopolis,-0.61,79.03,83,2,9.35
331,358,omsukchan,62.53,54.66,49,100,12.21
332,359,port elizabeth,-33.92,50.0,93,90,12.75
333,360,riyadh,24.69,84.2,18,0,5.82
334,361,tahe,52.33,56.3,96,100,4.36
335,362,beruwala,6.48,80.19,85,100,10.85
336,363,mitchell,43.71,64.4,88,90,4.7
337,364,stornoway,58.21,56.07,100,100,11.41
338,365,atherton,53.52,61.43,99,100,4.0
339,366,sur,22.57,87.42,69,100,3.6
340,367,talnakh,69.49,62.6,88,100,6.71
341,368,khilok,51.37,72.55,48,40,2.39
342,369,morristown,36.21,72.12,100,90,1.21
343,370,conakry,9.54,77.92,81,100,15.61
344,371,seoul,37.57,80.06,88,75,3.36
345,372,joshimath,30.57,73.08,46,21,1.23
346,373,xiaoweizhai,26.19,78.46,77,60,3.74
347,374,severodvinsk,64.56,60.8,100,90,4.47
348,375,faanui,-16.48,77.79,73,24,11.43
349,376,young,-32.68,68.0,74,0,1.99
350,377,yeniseysk,58.45,70.32,55,9,3.0
351,378,sechura,-5.56,62.19,79,0,13.94
352,379,vila franca do campo,37.72,71.6,88,40,8.05
353,380,sao joao da barra,-21.64,67.77,69,21,7.29
354,381,catamarca,-28.47,69.8,40,0,4.16
355,382,belaya gora,68.53,66.24,37,9,1.74
356,383,port blair,11.67,83.16,79,100,20.8
357,385,rongcheng,30.63,87.01,95,48,5.35
358,386,sitka,57.05,57.2,93,90,14.99
359,387,gamba,-2.65,72.23,80,100,4.47
360,388,camara de lobos,32.63,67.73,78,40,13.87
361,389,khatanga,71.97,61.86,90,100,8.99
362,391,grand-santi,4.25,75.42,82,66,2.95
363,392,inuvik,68.35,55.4,82,90,9.17
364,395,alofi,-19.06,80.6,83,75,5.82
365,397,nabire,-3.37,82.9,70,89,1.54
366,398,jumla,29.27,66.54,63,99,1.45
367,399,yalta,44.5,71.35,56,0,10.6
368,400,bilma,18.69,89.78,34,30,10.27
369,401,naron,43.52,59.61,93,0,1.12
370,402,pierre,44.37,67.51,82,1,9.17
371,403,punta alta,-38.88,52.38,85,100,10.11
372,405,forestville,38.85,74.53,88,1,6.93
373,406,cayenne,4.93,77.0,100,57,9.86
374,407,safford,32.83,102.2,13,1,17.22
375,408,belmonte,-15.86,71.6,60,20,5.82
376,409,pemba,-12.97,69.4,88,20,6.93
377,410,torbay,47.67,55.18,100,90,18.34
378,411,letnyaya stavka,45.43,61.65,53,0,5.59
379,412,hobyo,5.35,78.3,75,30,24.43
380,413,sembakung,3.82,74.25,98,100,1.01
381,414,xining,36.62,75.99,57,65,2.15
382,415,guerrero negro,27.98,72.39,75,0,16.02
383,417,dmitriyevka,54.75,62.29,100,75,11.18
384,418,steinbach,50.17,54.19,81,34,2.24
385,419,hasaki,35.73,89.55,74,75,6.93
386,421,belen,36.49,80.6,74,20,13.87
387,422,fayaoue,-20.65,69.73,60,73,6.24
388,423,lorengau,-2.02,84.85,75,33,13.69
389,424,binga,-17.62,58.57,71,0,3.56
390,426,amahai,-3.33,80.28,79,70,7.07
391,427,mastic beach,40.77,72.27,92,0,1.01
392,428,grants pass,42.44,84.11,29,1,14.99
393,430,chauk,20.88,80.96,82,97,18.37
394,431,manzanillo,20.34,80.31,81,48,5.08
395,432,the valley,18.22,82.45,78,40,8.05
396,433,san martin,-33.08,55.4,62,0,3.36
397,434,straumen,63.87,51.35,93,59,10.29
398,435,akot,21.1,79.66,84,100,6.42
399,436,alexandria,31.22,78.8,74,0,11.41
400,437,severo-kurilsk,50.68,56.97,80,100,1.28
401,439,macon,39.87,62.22,77,1,3.36
402,440,henties bay,-22.12,57.0,91,11,9.53
403,441,nikolayevsk-na-amure,53.14,56.62,75,100,8.01
404,442,enkhuizen,52.7,62.35,74,97,16.46
405,443,westport,41.14,74.32,82,6,9.4
406,444,adre,13.47,71.65,85,34,4.88
407,446,eufaula,31.89,79.7,82,10,3.6
408,447,trairi,-3.28,78.31,73,47,12.88
409,448,oranjemund,-28.55,52.39,73,0,19.73
410,449,shingu,33.73,86.0,70,40,4.7
411,450,presidencia roque saenz pena,-26.79,74.03,47,0,10.63
412,451,vesyegonsk,58.66,58.35,94,100,7.45
413,452,palamos,41.85,65.08,51,7,5.17
414,453,srandakan,-7.94,79.27,74,90,10.4
415,454,mitsamiouli,-11.38,75.65,72,1,7.16
416,455,razdolinsk,58.42,62.29,71,96,6.31
417,456,kaeo,-35.1,62.01,3,80,5.99
418,457,banda aceh,5.56,83.89,63,99,7.16
419,458,santarem,-2.44,78.96,65,7,3.33
420,459,sioux lookout,50.1,68.0,49,20,4.7
421,460,vila velha,-20.33,64.4,100,75,3.36
422,461,cam ranh,11.92,91.4,63,20,2.24
423,463,coquimbo,-29.95,51.8,93,90,5.82
424,464,sisimiut,66.94,44.19,83,100,1.54
425,465,bulgan,48.81,61.38,87,100,4.32
426,466,togur,58.36,68.09,65,0,6.64
427,467,port-cartier,50.03,62.31,82,75,3.36
428,468,shelton,41.32,72.39,83,1,3.36
429,469,churapcha,62.0,79.61,31,0,4.05
430,470,basco,20.45,84.7,80,100,15.52
431,471,antigonish,45.62,64.0,90,98,4.92
432,472,myingyan,21.47,80.6,94,75,4.7
433,473,yerofey pavlovich,53.97,56.61,95,100,4.34
434,474,quatre cocos,-20.21,65.89,56,75,12.75
435,475,porto murtinho,-21.7,72.64,38,0,5.35
436,476,broome,42.25,66.16,88,75,8.05
437,477,lensk,60.73,76.12,43,75,10.25
438,478,salacgriva,57.75,59.0,97,100,7.11
439,479,kerrobert,51.92,77.0,38,20,11.41
440,480,rabo de peixe,37.8,71.6,88,40,8.05
441,481,cordoba,-31.41,71.46,49,3,10.29
442,482,shilovo,54.32,56.57,88,0,3.94
443,483,naryan-mar,67.67,55.63,83,0,10.65
444,484,aden,12.78,86.23,74,64,25.86
445,485,buenavista,8.98,86.23,64,73,1.41
446,486,jieshi,22.81,82.08,84,100,13.73
447,487,saint-joseph,-21.37,56.53,59,20,6.93
448,488,wana,32.3,83.61,32,0,2.01
449,489,coxim,-18.51,68.94,34,0,3.94
450,490,luderitz,-26.65,53.6,66,0,16.11
451,491,la palma,33.85,72.79,60,1,5.82
452,492,vostok,46.49,69.12,96,92,2.17
453,493,ugoofaaru,5.67,82.87,79,100,17.27
454,494,katsuura,35.13,87.91,66,20,9.17
455,495,belyy yar,53.6,64.4,72,0,11.18
456,496,mandera,3.94,76.8,67,22,16.53
457,497,itoman,26.12,88.34,70,75,10.29
458,498,sorong,-0.88,82.13,79,36,11.5
459,499,isangel,-19.55,78.8,61,75,9.17
460,500,ayan,56.45,58.23,71,0,11.92
461,501,madimba,-10.4,70.32,88,4,8.84
462,502,birobidzhan,48.8,59.4,92,100,6.24
463,503,carbonear,47.73,55.99,100,100,7.0
464,504,gwadar,25.12,83.66,78,71,3.62
465,505,gazanjyk,39.24,76.44,37,0,5.99
466,506,half moon bay,37.46,62.92,93,90,9.17
467,507,goderich,43.75,62.73,63,42,16.13
468,508,chioggia,45.23,65.53,88,40,5.82
469,509,ascension,30.22,80.33,78,0,1.54
470,510,mehamn,71.04,49.35,90,85,5.68
471,511,esna,25.29,84.2,32,0,1.86
472,512,constantine,36.37,62.6,82,20,3.36
473,513,pareora,-44.49,53.01,93,76,5.97
474,514,gallup,35.53,86.25,11,1,13.87
475,515,lompoc,34.64,58.89,82,90,12.75
476,516,kavieng,-2.57,84.63,73,95,15.7
477,517,jishou,28.32,89.22,63,38,2.77
478,520,bossangoa,6.49,68.63,95,90,2.21
479,522,nyurba,63.28,71.49,52,100,3.49
480,523,lukaya,-0.15,65.43,74,83,6.35
481,524,rock sound,24.9,82.8,82,0,12.26
482,525,hambantota,6.12,78.8,100,20,4.7
483,526,ambanja,-13.68,66.31,66,2,4.25
484,527,harnai,30.1,87.76,34,0,2.64
485,528,khani,41.96,64.4,93,1,1.12
486,529,vaitape,-16.52,78.67,72,21,11.41
487,530,ixtapa,20.7,82.4,94,90,1.5
488,531,mayenne,48.33,57.2,71,0,2.24
489,532,aswan,24.09,89.56,23,0,6.46
490,533,paamiut,61.99,44.76,88,51,20.98
491,534,sola,-13.88,76.8,85,4,19.51
492,535,manzil salim,35.86,68.0,64,40,5.82
493,536,mago,53.25,54.77,86,100,5.84
494,537,atar,20.52,85.98,56,0,14.74
495,538,saskatoon,52.12,73.8,38,20,12.75
496,539,porangatu,-13.44,68.13,45,0,4.79
497,540,tando jam,25.43,86.56,69,61,11.3
498,541,wuhan,30.58,93.2,67,42,6.71
499,542,port macquarie,-31.43,64.99,58,1,1.01
500,543,aksu,41.12,83.84,22,100,2.59
501,544,viedma,-40.81,45.0,89,100,5.17
502,545,sakakah,29.97,82.4,28,0,11.41
503,546,fare,-16.7,78.78,72,6,10.74
504,547,auki,-8.77,87.19,64,22,4.25
505,548,manzhouli,49.6,65.68,78,95,3.49
506,549,gumdag,39.21,77.77,36,26,6.35
507,550,talaya,61.38,59.59,42,100,13.15
508,551,fort-shevchenko,44.51,71.56,64,70,13.49
509,553,kapit,2.02,78.55,85,100,2.3
510,554,pitimbu,-7.47,71.6,94,45,4.7
511,555,aron,24.38,80.1,80,17,9.4
512,556,nemuro,43.32,84.2,70,75,13.87
513,557,rafai,4.95,68.88,97,100,2.66
514,560,atyrau,47.12,57.2,93,75,6.71
515,561,wagar,16.15,73.15,86,59,17.18
516,562,port antonio,18.18,84.47,66,75,19.46
517,563,flin flon,54.77,70.0,78,100,5.7
518,564,oriximina,-1.77,75.2,85,42,5.21
519,565,cozumel,20.51,83.23,83,40,5.82
520,566,kirovskiy,45.09,79.02,74,89,6.33
521,567,bonthe,7.53,74.23,79,88,6.26
522,568,yichun,47.7,65.59,92,100,1.97
523,569,lata,40.16,63.54,78,53,2.15
524,570,nanakuli,21.39,84.79,45,20,9.17
525,571,inta,66.03,58.28,72,13,13.4
526,572,palma di montechiaro,37.19,64.89,72,0,11.03
527,573,mahroni,24.59,82.45,76,99,5.35
528,574,bac lieu,9.29,83.68,77,100,8.88
529,575,uribia,11.71,85.5,65,99,5.35
530,576,vallenar,-28.57,60.82,67,0,2.71
531,577,chaumont,48.12,50.0,74,0,3.06
532,578,aleksandrovskoye,44.71,55.2,87,0,8.95
533,579,sao francisco,-15.95,64.44,61,0,7.38
534,580,balkanabat,39.51,77.31,36,14,3.11
535,581,chipinge,-20.19,54.66,69,0,2.26
536,582,quelimane,-17.88,62.74,94,5,3.62
537,583,igrim,63.19,59.22,74,2,2.86
538,584,piacabucu,-10.41,73.17,82,14,11.48
539,585,tilichiki,60.47,61.65,54,99,9.51
540,586,wegorzewo,54.22,50.0,92,1,6.6
541,587,nizhnevartovsk,60.93,75.2,69,0,2.24
542,588,quang ngai,15.12,89.49,61,55,2.53
543,589,conde,-7.26,69.8,100,48,4.7
544,591,ouro preto do oeste,-10.75,78.46,40,0,1.25
545,593,birin,26.89,70.66,96,100,2.71
546,595,naze,28.37,89.6,70,75,9.17
547,596,vao,-22.67,67.3,66,89,5.57
548,597,ende,-8.84,81.45,55,50,4.54
549,598,georgiyevka,43.04,71.6,53,0,6.71
550,599,mangai,-4.05,72.86,65,16,2.01
551,600,san jose,37.34,71.26,53,20,13.87
552,601,polyarnyy,69.2,57.2,87,100,2.24
553,602,kondinskoye,59.65,60.33,90,100,10.69
554,603,faya,18.39,62.6,87,20,5.77
555,604,kawalu,-7.38,75.97,78,76,3.89
556,605,beirut,33.89,74.37,69,2,9.17
557,606,porto novo,6.5,75.2,88,40,10.29
558,607,atbasar,51.8,68.74,68,75,13.22
559,608,astoria,46.19,66.36,72,1,17.22
560,609,luwuk,-0.95,82.63,71,92,6.31
561,610,idukki,9.85,69.58,90,100,8.95
562,611,holguin,20.89,78.8,83,75,11.41
563,612,fengkou,30.08,90.64,67,37,7.2
564,614,krasnyy chikoy,50.36,69.49,61,1,3.06
565,615,venado tuerto,-33.75,70.0,56,35,14.0
566,616,kiama,-34.68,57.0,47,0,8.99
